-- phpMyAdmin SQL Dump
-- version 5.2.0
-- https://www.phpmyadmin.net/
--
-- Host: 127.0.0.1
-- Waktu pembuatan: 09 Jan 2024 pada 09.16
-- Versi server: 10.4.27-MariaDB
-- Versi PHP: 8.1.12

SET SQL_MODE = "NO_AUTO_VALUE_ON_ZERO";
START TRANSACTION;
SET time_zone = "+00:00";


/*!40101 SET @OLD_CHARACTER_SET_CLIENT=@@CHARACTER_SET_CLIENT */;
/*!40101 SET @OLD_CHARACTER_SET_RESULTS=@@CHARACTER_SET_RESULTS */;
/*!40101 SET @OLD_COLLATION_CONNECTION=@@COLLATION_CONNECTION */;
/*!40101 SET NAMES utf8mb4 */;

--
-- Database: `db_perpustakaan_digital`
--

-- --------------------------------------------------------

--
-- Struktur dari tabel `buku`
--

CREATE TABLE `buku` (
  `id_buku` int(11) NOT NULL,
  `judul` varchar(255) DEFAULT NULL,
  `penulis` varchar(255) DEFAULT NULL,
  `penerbit` varchar(255) DEFAULT NULL,
  `tahunterbit` int(11) DEFAULT NULL
) ENGINE=InnoDB DEFAULT CHARSET=utf8mb4 COLLATE=utf8mb4_general_ci;

--
-- Dumping data untuk tabel `buku`
--

INSERT INTO `buku` (`id_buku`, `judul`, `penulis`, `penerbit`, `tahunterbit`) VALUES
(1, 'akibat pergaulan bebas', 'apung', 'ayyub', 2011),
(2, 'death note', 'sam ratulangi', 'sam ratulangi', 2010),
(3, 'asal mula bukit ketapang', 'faris', 'faris', 2009),
(4, 'laskar perang', 'agus', 'agus', 2012),
(5, 'ghost and you', 'gian', 'gian', 2011);

-- --------------------------------------------------------

--
-- Struktur dari tabel `kategoribuku`
--

CREATE TABLE `kategoribuku` (
  `id_kategori` int(11) NOT NULL,
  `namakategori` varchar(255) DEFAULT NULL
) ENGINE=InnoDB DEFAULT CHARSET=utf8mb4 COLLATE=utf8mb4_general_ci;

--
-- Dumping data untuk tabel `kategoribuku`
--

INSERT INTO `kategoribuku` (`id_kategori`, `namakategori`) VALUES
(1, 'aksi'),
(2, 'horor'),
(3, 'dongeng'),
(4, 'fabel'),
(5, 'horor');

-- --------------------------------------------------------

--
-- Struktur dari tabel `kategoribuku_relasi`
--

CREATE TABLE `kategoribuku_relasi` (
  `id_kategoribuku` int(11) NOT NULL,
  `id_buku` int(11) DEFAULT NULL,
  `id_kategori` int(11) DEFAULT NULL
) ENGINE=InnoDB DEFAULT CHARSET=utf8mb4 COLLATE=utf8mb4_general_ci;

--
-- Dumping data untuk tabel `kategoribuku_relasi`
--

INSERT INTO `kategoribuku_relasi` (`id_kategoribuku`, `id_buku`, `id_kategori`) VALUES
(1, 1, 1),
(2, 2, 2),
(3, 3, 3),
(4, 4, 4),
(5, 5, 5);

-- --------------------------------------------------------

--
-- Struktur dari tabel `koleksi_pribadi`
--

CREATE TABLE `koleksi_pribadi` (
  `id_koleksi` int(11) NOT NULL,
  `id_user` int(11) DEFAULT NULL,
  `id_buku` int(11) DEFAULT NULL
) ENGINE=InnoDB DEFAULT CHARSET=utf8mb4 COLLATE=utf8mb4_general_ci;

--
-- Dumping data untuk tabel `koleksi_pribadi`
--

INSERT INTO `koleksi_pribadi` (`id_koleksi`, `id_user`, `id_buku`) VALUES
(1, 1, 1),
(2, 2, 2),
(3, 3, 3),
(4, 4, 4),
(5, 5, 5);

-- --------------------------------------------------------

--
-- Struktur dari tabel `peminjaman`
--

CREATE TABLE `peminjaman` (
  `id_peminjaman` int(11) NOT NULL,
  `id_user` int(11) DEFAULT NULL,
  `id_buku` int(11) DEFAULT NULL,
  `tanggalpeminjaman` date DEFAULT NULL,
  `tanggalpengembalian` date DEFAULT NULL,
  `statuspeminjaman` varchar(50) DEFAULT NULL
) ENGINE=InnoDB DEFAULT CHARSET=utf8mb4 COLLATE=utf8mb4_general_ci;

--
-- Dumping data untuk tabel `peminjaman`
--

INSERT INTO `peminjaman` (`id_peminjaman`, `id_user`, `id_buku`, `tanggalpeminjaman`, `tanggalpengembalian`, `statuspeminjaman`) VALUES
(1, 1, 1, '2023-11-24', '2024-01-17', 'terpinjam'),
(2, 2, 2, '2024-01-12', '2024-02-01', 'belum dipinjam'),
(3, 3, 3, '2024-01-15', '2024-01-29', 'terpinjam'),
(4, 4, 4, '2024-02-01', '2024-02-15', 'terpinjam'),
(5, 5, 5, '2024-01-22', '2024-02-21', 'belum dipinjam');

-- --------------------------------------------------------

--
-- Struktur dari tabel `ulasanbuku`
--

CREATE TABLE `ulasanbuku` (
  `id_ulasan` int(11) NOT NULL,
  `id_user` int(11) DEFAULT NULL,
  `id_buku` int(11) DEFAULT NULL,
  `ulasan` text DEFAULT NULL,
  `rating` int(11) DEFAULT NULL
) ENGINE=InnoDB DEFAULT CHARSET=utf8mb4 COLLATE=utf8mb4_general_ci;

--
-- Dumping data untuk tabel `ulasanbuku`
--

INSERT INTO `ulasanbuku` (`id_ulasan`, `id_user`, `id_buku`, `ulasan`, `rating`) VALUES
(1, 1, 1, 'buku ini adalah ulasan yang berasal dari penulis asal batanghari', 5),
(2, 2, 2, 'buku ini sangatlah luar biasa', 6),
(3, 3, 3, 'bukit ini sangat indah', 6),
(4, 4, 4, 'menceritakan tentang laskar perang', 8),
(5, 5, 5, 'menceritakan tentang hantu', 9);

-- --------------------------------------------------------

--
-- Struktur dari tabel `user`
--

CREATE TABLE `user` (
  `id_user` int(11) NOT NULL,
  `username` varchar(255) DEFAULT NULL,
  `password` varchar(255) DEFAULT NULL,
  `email` varchar(255) DEFAULT NULL,
  `namalengkap` varchar(255) DEFAULT NULL,
  `alamat` text DEFAULT NULL,
  `level` enum('admin','petugas','peminjam') DEFAULT NULL
) ENGINE=InnoDB DEFAULT CHARSET=utf8mb4 COLLATE=utf8mb4_general_ci;

--
-- Dumping data untuk tabel `user`
--

INSERT INTO `user` (`id_user`, `username`, `password`, `email`, `namalengkap`, `alamat`, `level`) VALUES
(1, 'admin', '21232f297a57a5a743894a0e4a801fc3', 'admin@gmail.com', 'ahmad ahmin', 'batanghari', 'admin'),
(2, 'bintang', '801dc3c9e3bcd2a3cf428f3b79b312b6', 'bintang@gmail.com', 'bintang prasetyo', 'trimurjo', 'peminjam'),
(3, 'petugas', 'afb91ef692fd08c445e8cb1bab2ccf9c', 'daffa@gmail.com', 'daffa galang', 'yosomulyo', 'petugas'),
(4, 'agus', 'fdf169558242ee051cca1479770ebac3', 'agus@gmail.com', 'agus lolox', 'batanghari', 'peminjam'),
(5, 'gagah', 'fd4c5de12ba9b54752f4a27f5afe86f5', 'gagah@mail.com', 'gagah jono', 'ganjar agung', 'petugas');

--
-- Indexes for dumped tables
--

--
-- Indeks untuk tabel `buku`
--
ALTER TABLE `buku`
  ADD PRIMARY KEY (`id_buku`);

--
-- Indeks untuk tabel `kategoribuku`
--
ALTER TABLE `kategoribuku`
  ADD PRIMARY KEY (`id_kategori`);

--
-- Indeks untuk tabel `kategoribuku_relasi`
--
ALTER TABLE `kategoribuku_relasi`
  ADD PRIMARY KEY (`id_kategoribuku`),
  ADD KEY `id_buku` (`id_buku`),
  ADD KEY `id_kategori` (`id_kategori`);

--
-- Indeks untuk tabel `koleksi_pribadi`
--
ALTER TABLE `koleksi_pribadi`
  ADD PRIMARY KEY (`id_koleksi`),
  ADD KEY `id_user` (`id_user`),
  ADD KEY `id_buku` (`id_buku`);

--
-- Indeks untuk tabel `peminjaman`
--
ALTER TABLE `peminjaman`
  ADD PRIMARY KEY (`id_peminjaman`),
  ADD KEY `id_user` (`id_user`),
  ADD KEY `id_buku` (`id_buku`);

--
-- Indeks untuk tabel `ulasanbuku`
--
ALTER TABLE `ulasanbuku`
  ADD PRIMARY KEY (`id_ulasan`),
  ADD KEY `id_user` (`id_user`),
  ADD KEY `id_buku` (`id_buku`);

--
-- Indeks untuk tabel `user`
--
ALTER TABLE `user`
  ADD PRIMARY KEY (`id_user`);

--
-- AUTO_INCREMENT untuk tabel yang dibuang
--

--
-- AUTO_INCREMENT untuk tabel `buku`
--
ALTER TABLE `buku`
  MODIFY `id_buku` int(11) NOT NULL AUTO_INCREMENT, AUTO_INCREMENT=6;

--
-- AUTO_INCREMENT untuk tabel `kategoribuku`
--
ALTER TABLE `kategoribuku`
  MODIFY `id_kategori` int(11) NOT NULL AUTO_INCREMENT, AUTO_INCREMENT=6;

--
-- AUTO_INCREMENT untuk tabel `kategoribuku_relasi`
--
ALTER TABLE `kategoribuku_relasi`
  MODIFY `id_kategoribuku` int(11) NOT NULL AUTO_INCREMENT, AUTO_INCREMENT=6;

--
-- AUTO_INCREMENT untuk tabel `koleksi_pribadi`
--
ALTER TABLE `koleksi_pribadi`
  MODIFY `id_koleksi` int(11) NOT NULL AUTO_INCREMENT, AUTO_INCREMENT=6;

--
-- AUTO_INCREMENT untuk tabel `peminjaman`
--
ALTER TABLE `peminjaman`
  MODIFY `id_peminjaman` int(11) NOT NULL AUTO_INCREMENT, AUTO_INCREMENT=6;

--
-- AUTO_INCREMENT untuk tabel `ulasanbuku`
--
ALTER TABLE `ulasanbuku`
  MODIFY `id_ulasan` int(11) NOT NULL AUTO_INCREMENT, AUTO_INCREMENT=6;

--
-- AUTO_INCREMENT untuk tabel `user`
--
ALTER TABLE `user`
  MODIFY `id_user` int(11) NOT NULL AUTO_INCREMENT, AUTO_INCREMENT=6;

--
-- Ketidakleluasaan untuk tabel pelimpahan (Dumped Tables)
--

--
-- Ketidakleluasaan untuk tabel `kategoribuku_relasi`
--
ALTER TABLE `kategoribuku_relasi`
  ADD CONSTRAINT `kategoribuku_relasi_ibfk_1` FOREIGN KEY (`id_buku`) REFERENCES `buku` (`id_buku`),
  ADD CONSTRAINT `kategoribuku_relasi_ibfk_2` FOREIGN KEY (`id_kategori`) REFERENCES `kategoribuku` (`id_kategori`);

--
-- Ketidakleluasaan untuk tabel `koleksi_pribadi`
--
ALTER TABLE `koleksi_pribadi`
  ADD CONSTRAINT `koleksi_pribadi_ibfk_1` FOREIGN KEY (`id_user`) REFERENCES `user` (`id_user`),
  ADD CONSTRAINT `koleksi_pribadi_ibfk_2` FOREIGN KEY (`id_buku`) REFERENCES `buku` (`id_buku`);

--
-- Ketidakleluasaan untuk tabel `peminjaman`
--
ALTER TABLE `peminjaman`
  ADD CONSTRAINT `peminjaman_ibfk_1` FOREIGN KEY (`id_user`) REFERENCES `user` (`id_user`),
  ADD CONSTRAINT `peminjaman_ibfk_2` FOREIGN KEY (`id_buku`) REFERENCES `buku` (`id_buku`);

--
-- Ketidakleluasaan untuk tabel `ulasanbuku`
--
ALTER TABLE `ulasanbuku`
  ADD CONSTRAINT `ulasanbuku_ibfk_1` FOREIGN KEY (`id_user`) REFERENCES `user` (`id_user`),
  ADD CONSTRAINT `ulasanbuku_ibfk_2` FOREIGN KEY (`id_buku`) REFERENCES `buku` (`id_buku`);
COMMIT;

/*!40101 SET CHARACTER_SET_CLIENT=@OLD_CHARACTER_SET_CLIENT */;
/*!40101 SET CHARACTER_SET_RESULTS=@OLD_CHARACTER_SET_RESULTS */;
/*!40101 SET COLLATION_CONNECTION=@OLD_COLLATION_CONNECTION */;
